code,lat,lon,elv,x,y,z,S_P_Error,probabilityOfOccurrence,siteNoiseLevel,eid,Dist,Azim,TTP,TTS
MGUS, 33.7840, 53.7620,  0.0000,116.9080,-78.7060,  0.0000,1.0,1.0,"[0.0, 0.0]",0,  1.1245, 93.8938, 25.8344,nan
RAWC, 33.4240, 53.7640,  0.0000,117.5310,-118.6250,  0.0000,1.0,1.0,"[0.0, 0.0]",0,  1.2095,111.1226, 26.8216,nan
QYDI, 35.4040, 52.3210,  0.0000,-16.3050,100.3580,  0.0000,1.0,1.0,"[0.0, 0.0]",0,  1.5364,357.0795, 31.7688,nan
HLUH, 35.2280, 51.5130,  0.0000,-89.8940, 81.1870,  0.0000,1.0,1.0,"[0.0, 0.0]",0,  1.5503,331.4565, 32.0254,nan
VOCA, 34.6800, 53.4950,  0.0000, 91.1470, 20.4080,  0.0000,1.0,1.0,"[0.0, 0.0]",0,  1.2072, 47.4792, 26.9513,nan
XBVK, 34.3280, 52.6890,  0.0000, 17.3510,-19.0940,  0.0000,1.0,1.0,"[0.0, 0.0]",0,  0.5123, 26.1320, 14.8825,nan
DQYH, 34.5070, 51.8710,  0.0000,-57.7960,  0.9980,  0.0000,1.0,1.0,"[0.0, 0.0]",0,  0.7827,324.7988, 20.6811,nan
XBVK, 34.3280, 52.6890,  0.0000, 17.3510,-19.0940,  0.0000,1.0,1.0,"[0.0, 0.0]",0,  0.5123, 26.1320,nan, 26.0443
HLUH, 35.2280, 51.5130,  0.0000,-89.8940, 81.1870,  0.0000,1.0,1.0,"[0.0, 0.0]",0,  1.5503,331.4565,nan, 55.5110
DQYH, 34.5070, 51.8710,  0.0000,-57.7960,  0.9980,  0.0000,1.0,1.0,"[0.0, 0.0]",0,  0.7827,324.7988,nan, 36.1919
MGUS, 33.7840, 53.7620,  0.0000,116.9080,-78.7060,  0.0000,1.0,1.0,"[0.0, 0.0]",0,  1.1245, 93.8938,nan, 45.2061
VOCA, 34.6800, 53.4950,  0.0000, 91.1470, 20.4080,  0.0000,1.0,1.0,"[0.0, 0.0]",0,  1.2072, 47.4792,nan, 47.1646
QYDI, 35.4040, 52.3210,  0.0000,-16.3050,100.3580,  0.0000,1.0,1.0,"[0.0, 0.0]",0,  1.5364,357.0795,nan, 54.9687
RAWC, 33.4240, 53.7640,  0.0000,117.5310,-118.6250,  0.0000,1.0,1.0,"[0.0, 0.0]",0,  1.2095,111.1226,nan, 46.9375
HLUH, 35.2280, 51.5130,  0.0000,-89.8940, 81.1870,  0.0000,1.0,1.0,"[0.0, 0.0]",1,  1.8213,336.4504, 34.0595,nan
RAWC, 33.4240, 53.7640,  0.0000,117.5310,-118.6250,  0.0000,1.0,1.0,"[0.0, 0.0]",1,  1.1488, 96.3885, 24.5247,nan
APSL, 34.1430, 53.7620,  0.0000,116.3880,-38.8450,  0.0000,1.0,1.0,"[0.0, 0.0]",1,  1.2753, 62.4308, 26.4292,nan
DQYH, 34.5070, 51.8710,  0.0000,-57.7960,  0.9980,  0.0000,1.0,1.0,"[0.0, 0.0]",1,  1.0438,335.1889, 23.5373,nan
CBZA, 33.6090, 51.7830,  0.0000,-66.5590,-98.6040,  0.0000,1.0,1.0,"[0.0, 0.0]",1,  0.5187,275.6399, 13.2081,nan
AVTK, 34.0500, 51.8780,  0.0000,-57.4630,-49.6950,  0.0000,1.0,1.0,"[0.0, 0.0]",1,  0.6557,318.4886, 16.1388,nan
MGUS, 33.7840, 53.7620,  0.0000,116.9080,-78.7060,  0.0000,1.0,1.0,"[0.0, 0.0]",1,  1.1586, 78.4653, 24.9851,nan
APSL, 34.1430, 53.7620,  0.0000,116.3880,-38.8450,  0.0000,1.0,1.0,"[0.0, 0.0]",1,  1.2753, 62.4308,nan, 46.1236
DQYH, 34.5070, 51.8710,  0.0000,-57.7960,  0.9980,  0.0000,1.0,1.0,"[0.0, 0.0]",1,  1.0438,335.1889,nan, 41.1903
CBZA, 33.6090, 51.7830,  0.0000,-66.5590,-98.6040,  0.0000,1.0,1.0,"[0.0, 0.0]",1,  0.5187,275.6399,nan, 23.1142
RAWC, 33.4240, 53.7640,  0.0000,117.5310,-118.6250,  0.0000,1.0,1.0,"[0.0, 0.0]",1,  1.1488, 96.3885,nan, 42.9166
MGUS, 33.7840, 53.7620,  0.0000,116.9080,-78.7060,  0.0000,1.0,1.0,"[0.0, 0.0]",1,  1.1586, 78.4653,nan, 43.7234
HLUH, 35.2280, 51.5130,  0.0000,-89.8940, 81.1870,  0.0000,1.0,1.0,"[0.0, 0.0]",1,  1.8213,336.4504,nan, 58.5000
AVTK, 34.0500, 51.8780,  0.0000,-57.4630,-49.6950,  0.0000,1.0,1.0,"[0.0, 0.0]",1,  0.6557,318.4886,nan, 28.2429
HLUH, 35.2280, 51.5130,  0.0000,-89.8940, 81.1870,  0.0000,1.0,1.0,"[0.0, 0.0]",2,  1.8380,335.8316, 34.2943,nan
APSL, 34.1430, 53.7620,  0.0000,116.3880,-38.8450,  0.0000,1.0,1.0,"[0.0, 0.0]",2,  1.2562, 61.6263, 25.9329,nan
MGUS, 33.7840, 53.7620,  0.0000,116.9080,-78.7060,  0.0000,1.0,1.0,"[0.0, 0.0]",2,  1.1353, 77.8759, 24.3954,nan
DQYH, 34.5070, 51.8710,  0.0000,-57.7960,  0.9980,  0.0000,1.0,1.0,"[0.0, 0.0]",2,  1.0610,334.1244, 23.8713,nan
DNOA, 34.3240, 53.4050,  0.0000, 83.2820,-19.1320,  0.0000,1.0,1.0,"[0.0, 0.0]",2,  1.1186, 46.1840, 24.0433,nan
RHPW, 34.1480, 52.8650,  0.0000, 33.6220,-38.9630,  0.0000,1.0,1.0,"[0.0, 0.0]",2,  0.6961, 31.1780, 17.9729,nan
FOUH, 34.7730, 52.7770,  0.0000, 25.3420, 30.2750,  0.0000,1.0,1.0,"[0.0, 0.0]",2,  1.2525, 13.1622, 26.8659,nan
APSL, 34.1430, 53.7620,  0.0000,116.3880,-38.8450,  0.0000,1.0,1.0,"[0.0, 0.0]",2,  1.2562, 61.6263,nan, 45.3154
DNOA, 34.3240, 53.4050,  0.0000, 83.2820,-19.1320,  0.0000,1.0,1.0,"[0.0, 0.0]",2,  1.1186, 46.1840,nan, 42.0083
DQYH, 34.5070, 51.8710,  0.0000,-57.7960,  0.9980,  0.0000,1.0,1.0,"[0.0, 0.0]",2,  1.0610,334.1244,nan, 41.7726
HLUH, 35.2280, 51.5130,  0.0000,-89.8940, 81.1870,  0.0000,1.0,1.0,"[0.0, 0.0]",2,  1.8380,335.8316,nan, 58.8728
RHPW, 34.1480, 52.8650,  0.0000, 33.6220,-38.9630,  0.0000,1.0,1.0,"[0.0, 0.0]",2,  0.6961, 31.1780,nan, 31.4525
FOUH, 34.7730, 52.7770,  0.0000, 25.3420, 30.2750,  0.0000,1.0,1.0,"[0.0, 0.0]",2,  1.2525, 13.1622,nan, 47.0051
MGUS, 33.7840, 53.7620,  0.0000,116.9080,-78.7060,  0.0000,1.0,1.0,"[0.0, 0.0]",2,  1.1353, 77.8759,nan, 42.6912
MGUS, 33.7840, 53.7620,  0.0000,116.9080,-78.7060,  0.0000,1.0,1.0,"[0.0, 0.0]",3,  0.8254,109.1823, 18.8966,nan
RAWC, 33.4240, 53.7640,  0.0000,117.5310,-118.6250,  0.0000,1.0,1.0,"[0.0, 0.0]",3,  1.0066,128.7983, 21.4922,nan
DQYH, 34.5070, 51.8710,  0.0000,-57.7960,  0.9980,  0.0000,1.0,1.0,"[0.0, 0.0]",3,  0.9102,299.7052, 20.7222,nan
LUEX, 33.8740, 51.9690,  0.0000,-49.1250,-69.2830,  0.0000,1.0,1.0,"[0.0, 0.0]",3,  0.7377,255.7270, 17.0249,nan
VOCA, 34.6800, 53.4950,  0.0000, 91.1470, 20.4080,  0.0000,1.0,1.0,"[0.0, 0.0]",3,  0.8309, 41.5397, 18.8185,nan
AVTK, 34.0500, 51.8780,  0.0000,-57.4630,-49.6950,  0.0000,1.0,1.0,"[0.0, 0.0]",3,  0.7891,269.6059, 18.0089,nan
CBZA, 33.6090, 51.7830,  0.0000,-66.5590,-98.6040,  0.0000,1.0,1.0,"[0.0, 0.0]",3,  0.9795,242.9740, 20.9355,nan
MGUS, 33.7840, 53.7620,  0.0000,116.9080,-78.7060,  0.0000,1.0,1.0,"[0.0, 0.0]",3,  0.8254,109.1823,nan, 33.0691
LUEX, 33.8740, 51.9690,  0.0000,-49.1250,-69.2830,  0.0000,1.0,1.0,"[0.0, 0.0]",3,  0.7377,255.7270,nan, 29.7935
VOCA, 34.6800, 53.4950,  0.0000, 91.1470, 20.4080,  0.0000,1.0,1.0,"[0.0, 0.0]",3,  0.8309, 41.5397,nan, 32.9324
RAWC, 33.4240, 53.7640,  0.0000,117.5310,-118.6250,  0.0000,1.0,1.0,"[0.0, 0.0]",3,  1.0066,128.7983,nan, 37.6113
AVTK, 34.0500, 51.8780,  0.0000,-57.4630,-49.6950,  0.0000,1.0,1.0,"[0.0, 0.0]",3,  0.7891,269.6059,nan, 31.5155
DQYH, 34.5070, 51.8710,  0.0000,-57.7960,  0.9980,  0.0000,1.0,1.0,"[0.0, 0.0]",3,  0.9102,299.7052,nan, 36.2638
CBZA, 33.6090, 51.7830,  0.0000,-66.5590,-98.6040,  0.0000,1.0,1.0,"[0.0, 0.0]",3,  0.9795,242.9740,nan, 36.6369
XBVK, 34.3280, 52.6890,  0.0000, 17.3510,-19.0940,  0.0000,1.0,1.0,"[0.0, 0.0]",4,  0.3475, 21.6592, 10.4260,nan
MGUS, 33.7840, 53.7620,  0.0000,116.9080,-78.7060,  0.0000,1.0,1.0,"[0.0, 0.0]",4,  1.0461,101.8212, 24.9368,nan
RAWC, 33.4240, 53.7640,  0.0000,117.5310,-118.6250,  0.0000,1.0,1.0,"[0.0, 0.0]",4,  1.1789,119.1253, 26.5766,nan
DNOA, 34.3240, 53.4050,  0.0000, 83.2820,-19.1320,  0.0000,1.0,1.0,"[0.0, 0.0]",4,  0.7902, 65.9530, 20.8724,nan
APSL, 34.1430, 53.7620,  0.0000,116.3880,-38.8450,  0.0000,1.0,1.0,"[0.0, 0.0]",4,  1.0297, 81.9476, 24.4411,nan
CBZA, 33.6090, 51.7830,  0.0000,-66.5590,-98.6040,  0.0000,1.0,1.0,"[0.0, 0.0]",4,  0.7405,237.9571, 19.2594,nan
FOUH, 34.7730, 52.7770,  0.0000, 25.3420, 30.2750,  0.0000,1.0,1.0,"[0.0, 0.0]",4,  0.7933, 14.6123, 21.8259,nan
CBZA, 33.6090, 51.7830,  0.0000,-66.5590,-98.6040,  0.0000,1.0,1.0,"[0.0, 0.0]",4,  0.7405,237.9571,nan, 33.7040
MGUS, 33.7840, 53.7620,  0.0000,116.9080,-78.7060,  0.0000,1.0,1.0,"[0.0, 0.0]",4,  1.0461,101.8212,nan, 43.6394
FOUH, 34.7730, 52.7770,  0.0000, 25.3420, 30.2750,  0.0000,1.0,1.0,"[0.0, 0.0]",4,  0.7933, 14.6123,nan, 38.2161
APSL, 34.1430, 53.7620,  0.0000,116.3880,-38.8450,  0.0000,1.0,1.0,"[0.0, 0.0]",4,  1.0297, 81.9476,nan, 42.7719
XBVK, 34.3280, 52.6890,  0.0000, 17.3510,-19.0940,  0.0000,1.0,1.0,"[0.0, 0.0]",4,  0.3475, 21.6592,nan, 18.2456
RAWC, 33.4240, 53.7640,  0.0000,117.5310,-118.6250,  0.0000,1.0,1.0,"[0.0, 0.0]",4,  1.1789,119.1253,nan, 46.5067
DNOA, 34.3240, 53.4050,  0.0000, 83.2820,-19.1320,  0.0000,1.0,1.0,"[0.0, 0.0]",4,  0.7902, 65.9530,nan, 36.5267
DNOA, 34.3240, 53.4050,  0.0000, 83.2820,-19.1320,  0.0000,1.0,1.0,"[0.0, 0.0]",5,  0.7153, 43.8570, 16.3994,nan
VOCA, 34.6800, 53.4950,  0.0000, 91.1470, 20.4080,  0.0000,1.0,1.0,"[0.0, 0.0]",5,  1.0404, 33.0745, 21.2208,nan
LUEX, 33.8740, 51.9690,  0.0000,-49.1250,-69.2830,  0.0000,1.0,1.0,"[0.0, 0.0]",5,  0.7013,275.5445, 16.1107,nan
QYDI, 35.4040, 52.3210,  0.0000,-16.3050,100.3580,  0.0000,1.0,1.0,"[0.0, 0.0]",5,  1.6428,345.9996, 29.9395,nan
RHPW, 34.1480, 52.8650,  0.0000, 33.6220,-38.9630,  0.0000,1.0,1.0,"[0.0, 0.0]",5,  0.3420,  8.1096, 10.5948,nan
HLUH, 35.2280, 51.5130,  0.0000,-89.8940, 81.1870,  0.0000,1.0,1.0,"[0.0, 0.0]",5,  1.7756,323.3214, 31.7372,nan
CBZA, 33.6090, 51.7830,  0.0000,-66.5590,-98.6040,  0.0000,1.0,1.0,"[0.0, 0.0]",5,  0.8776,257.1294, 19.0446,nan
VOCA, 34.6800, 53.4950,  0.0000, 91.1470, 20.4080,  0.0000,1.0,1.0,"[0.0, 0.0]",5,  1.0404, 33.0745,nan, 37.1366
DNOA, 34.3240, 53.4050,  0.0000, 83.2820,-19.1320,  0.0000,1.0,1.0,"[0.0, 0.0]",5,  0.7153, 43.8570,nan, 28.6990
HLUH, 35.2280, 51.5130,  0.0000,-89.8940, 81.1870,  0.0000,1.0,1.0,"[0.0, 0.0]",5,  1.7756,323.3214,nan, 54.4849
QYDI, 35.4040, 52.3210,  0.0000,-16.3050,100.3580,  0.0000,1.0,1.0,"[0.0, 0.0]",5,  1.6428,345.9996,nan, 51.2435
CBZA, 33.6090, 51.7830,  0.0000,-66.5590,-98.6040,  0.0000,1.0,1.0,"[0.0, 0.0]",5,  0.8776,257.1294,nan, 33.3281
LUEX, 33.8740, 51.9690,  0.0000,-49.1250,-69.2830,  0.0000,1.0,1.0,"[0.0, 0.0]",5,  0.7013,275.5445,nan, 28.1936
RHPW, 34.1480, 52.8650,  0.0000, 33.6220,-38.9630,  0.0000,1.0,1.0,"[0.0, 0.0]",5,  0.3420,  8.1096,nan, 18.5408
VOCA, 34.6800, 53.4950,  0.0000, 91.1470, 20.4080,  0.0000,1.0,1.0,"[0.0, 0.0]",6,  1.4996, 33.9157, 28.4989,nan
DQYH, 34.5070, 51.8710,  0.0000,-57.7960,  0.9980,  0.0000,1.0,1.0,"[0.0, 0.0]",6,  1.1821,334.7406, 24.4500,nan
RPKV, 35.2210, 51.7880,  0.0000,-64.8300, 80.2220,  0.0000,1.0,1.0,"[0.0, 0.0]",6,  1.8710,342.3221, 33.9838,nan
APSL, 34.1430, 53.7620,  0.0000,116.3880,-38.8450,  0.0000,1.0,1.0,"[0.0, 0.0]",6,  1.2793, 56.2580, 25.5798,nan
AVTK, 34.0500, 51.8780,  0.0000,-57.4630,-49.6950,  0.0000,1.0,1.0,"[0.0, 0.0]",6,  0.7916,320.7041, 18.0742,nan
MGUS, 33.7840, 53.7620,  0.0000,116.9080,-78.7060,  0.0000,1.0,1.0,"[0.0, 0.0]",6,  1.1248, 71.7602, 23.4488,nan
LUEX, 33.8740, 51.9690,  0.0000,-49.1250,-69.2830,  0.0000,1.0,1.0,"[0.0, 0.0]",6,  0.6102,315.6543, 14.2186,nan
RPKV, 35.2210, 51.7880,  0.0000,-64.8300, 80.2220,  0.0000,1.0,1.0,"[0.0, 0.0]",6,  1.8710,342.3221,nan, 58.3739
AVTK, 34.0500, 51.8780,  0.0000,-57.4630,-49.6950,  0.0000,1.0,1.0,"[0.0, 0.0]",6,  0.7916,320.7041,nan, 31.6299
APSL, 34.1430, 53.7620,  0.0000,116.3880,-38.8450,  0.0000,1.0,1.0,"[0.0, 0.0]",6,  1.2793, 56.2580,nan, 44.7317
MGUS, 33.7840, 53.7620,  0.0000,116.9080,-78.7060,  0.0000,1.0,1.0,"[0.0, 0.0]",6,  1.1248, 71.7602,nan, 41.0347
DQYH, 34.5070, 51.8710,  0.0000,-57.7960,  0.9980,  0.0000,1.0,1.0,"[0.0, 0.0]",6,  1.1821,334.7406,nan, 42.7693
LUEX, 33.8740, 51.9690,  0.0000,-49.1250,-69.2830,  0.0000,1.0,1.0,"[0.0, 0.0]",6,  0.6102,315.6543,nan, 24.8826
VOCA, 34.6800, 53.4950,  0.0000, 91.1470, 20.4080,  0.0000,1.0,1.0,"[0.0, 0.0]",6,  1.4996, 33.9157,nan, 49.2317
AVTK, 34.0500, 51.8780,  0.0000,-57.4630,-49.6950,  0.0000,1.0,1.0,"[0.0, 0.0]",7,  0.7530,282.1333, 17.4985,nan
RHPW, 34.1480, 52.8650,  0.0000, 33.6220,-38.9630,  0.0000,1.0,1.0,"[0.0, 0.0]",7,  0.2667, 18.4064,  8.9116,nan
HLUH, 35.2280, 51.5130,  0.0000,-89.8940, 81.1870,  0.0000,1.0,1.0,"[0.0, 0.0]",7,  1.6856,322.5427, 30.9442,nan
RAWC, 33.4240, 53.7640,  0.0000,117.5310,-118.6250,  0.0000,1.0,1.0,"[0.0, 0.0]",7,  0.9586,119.0866, 20.3051,nan
XBVK, 34.3280, 52.6890,  0.0000, 17.3510,-19.0940,  0.0000,1.0,1.0,"[0.0, 0.0]",7,  0.4372,351.8713, 12.1910,nan
MGUS, 33.7840, 53.7620,  0.0000,116.9080,-78.7060,  0.0000,1.0,1.0,"[0.0, 0.0]",7,  0.8394, 97.2905, 18.7162,nan
LUEX, 33.8740, 51.9690,  0.0000,-49.1250,-69.2830,  0.0000,1.0,1.0,"[0.0, 0.0]",7,  0.6622,268.4325, 15.5607,nan
AVTK, 34.0500, 51.8780,  0.0000,-57.4630,-49.6950,  0.0000,1.0,1.0,"[0.0, 0.0]",7,  0.7530,282.1333,nan, 30.6223
RHPW, 34.1480, 52.8650,  0.0000, 33.6220,-38.9630,  0.0000,1.0,1.0,"[0.0, 0.0]",7,  0.2667, 18.4064,nan, 15.5953
RAWC, 33.4240, 53.7640,  0.0000,117.5310,-118.6250,  0.0000,1.0,1.0,"[0.0, 0.0]",7,  0.9586,119.0866,nan, 35.5339
XBVK, 34.3280, 52.6890,  0.0000, 17.3510,-19.0940,  0.0000,1.0,1.0,"[0.0, 0.0]",7,  0.4372,351.8713,nan, 21.3342
MGUS, 33.7840, 53.7620,  0.0000,116.9080,-78.7060,  0.0000,1.0,1.0,"[0.0, 0.0]",7,  0.8394, 97.2905,nan, 32.7533
HLUH, 35.2280, 51.5130,  0.0000,-89.8940, 81.1870,  0.0000,1.0,1.0,"[0.0, 0.0]",7,  1.6856,322.5427,nan, 53.2495
LUEX, 33.8740, 51.9690,  0.0000,-49.1250,-69.2830,  0.0000,1.0,1.0,"[0.0, 0.0]",7,  0.6622,268.4325,nan, 27.2312
VOCA, 34.6800, 53.4950,  0.0000, 91.1470, 20.4080,  0.0000,1.0,1.0,"[0.0, 0.0]",8,  0.9448, 44.7638, 21.2111,nan
XBVK, 34.3280, 52.6890,  0.0000, 17.3510,-19.0940,  0.0000,1.0,1.0,"[0.0, 0.0]",8,  0.3166,  0.0450, 10.0269,nan
LUEX, 33.8740, 51.9690,  0.0000,-49.1250,-69.2830,  0.0000,1.0,1.0,"[0.0, 0.0]",8,  0.6145,257.3356, 15.3455,nan
DNOA, 34.3240, 53.4050,  0.0000, 83.2820,-19.1320,  0.0000,1.0,1.0,"[0.0, 0.0]",8,  0.6718, 62.0684, 16.7649,nan
APSL, 34.1430, 53.7620,  0.0000,116.3880,-38.8450,  0.0000,1.0,1.0,"[0.0, 0.0]",8,  0.9017, 81.2922, 20.4883,nan
HLUH, 35.2280, 51.5130,  0.0000,-89.8940, 81.1870,  0.0000,1.0,1.0,"[0.0, 0.0]",8,  1.5556,321.7201, 30.3749,nan
FOUH, 34.7730, 52.7770,  0.0000, 25.3420, 30.2750,  0.0000,1.0,1.0,"[0.0, 0.0]",8,  0.7646,  5.4622, 19.3522,nan
DNOA, 34.3240, 53.4050,  0.0000, 83.2820,-19.1320,  0.0000,1.0,1.0,"[0.0, 0.0]",8,  0.6718, 62.0684,nan, 29.3385
HLUH, 35.2280, 51.5130,  0.0000,-89.8940, 81.1870,  0.0000,1.0,1.0,"[0.0, 0.0]",8,  1.5556,321.7201,nan, 52.5615
APSL, 34.1430, 53.7620,  0.0000,116.3880,-38.8450,  0.0000,1.0,1.0,"[0.0, 0.0]",8,  0.9017, 81.2922,nan, 35.8545
XBVK, 34.3280, 52.6890,  0.0000, 17.3510,-19.0940,  0.0000,1.0,1.0,"[0.0, 0.0]",8,  0.3166,  0.0450,nan, 17.5471
FOUH, 34.7730, 52.7770,  0.0000, 25.3420, 30.2750,  0.0000,1.0,1.0,"[0.0, 0.0]",8,  0.7646,  5.4622,nan, 33.8944
VOCA, 34.6800, 53.4950,  0.0000, 91.1470, 20.4080,  0.0000,1.0,1.0,"[0.0, 0.0]",8,  0.9448, 44.7638,nan, 37.1195
LUEX, 33.8740, 51.9690,  0.0000,-49.1250,-69.2830,  0.0000,1.0,1.0,"[0.0, 0.0]",8,  0.6145,257.3356,nan, 26.8546
APSL, 34.1430, 53.7620,  0.0000,116.3880,-38.8450,  0.0000,1.0,1.0,"[0.0, 0.0]",9,  1.0333, 64.9571, 21.7445,nan
LUEX, 33.8740, 51.9690,  0.0000,-49.1250,-69.2830,  0.0000,1.0,1.0,"[0.0, 0.0]",9,  0.5787,286.6054, 13.7202,nan
CBZA, 33.6090, 51.7830,  0.0000,-66.5590,-98.6040,  0.0000,1.0,1.0,"[0.0, 0.0]",9,  0.7184,262.1491, 16.3943,nan
DNOA, 34.3240, 53.4050,  0.0000, 83.2820,-19.1320,  0.0000,1.0,1.0,"[0.0, 0.0]",9,  0.8867, 46.0463, 19.7803,nan
HLUH, 35.2280, 51.5130,  0.0000,-89.8940, 81.1870,  0.0000,1.0,1.0,"[0.0, 0.0]",9,  1.7773,328.8463, 32.4863,nan
FOUH, 34.7730, 52.7770,  0.0000, 25.3420, 30.2750,  0.0000,1.0,1.0,"[0.0, 0.0]",9,  1.0680,  6.3050, 23.3430,nan
AVTK, 34.0500, 51.8780,  0.0000,-57.4630,-49.6950,  0.0000,1.0,1.0,"[0.0, 0.0]",9,  0.7159,298.5083, 16.6688,nan
CBZA, 33.6090, 51.7830,  0.0000,-66.5590,-98.6040,  0.0000,1.0,1.0,"[0.0, 0.0]",9,  0.7184,262.1491,nan, 28.6900
LUEX, 33.8740, 51.9690,  0.0000,-49.1250,-69.2830,  0.0000,1.0,1.0,"[0.0, 0.0]",9,  0.5787,286.6054,nan, 24.0104
AVTK, 34.0500, 51.8780,  0.0000,-57.4630,-49.6950,  0.0000,1.0,1.0,"[0.0, 0.0]",9,  0.7159,298.5083,nan, 29.1705
APSL, 34.1430, 53.7620,  0.0000,116.3880,-38.8450,  0.0000,1.0,1.0,"[0.0, 0.0]",9,  1.0333, 64.9571,nan, 38.0529
HLUH, 35.2280, 51.5130,  0.0000,-89.8940, 81.1870,  0.0000,1.0,1.0,"[0.0, 0.0]",9,  1.7773,328.8463,nan, 55.9167
FOUH, 34.7730, 52.7770,  0.0000, 25.3420, 30.2750,  0.0000,1.0,1.0,"[0.0, 0.0]",9,  1.0680,  6.3050,nan, 40.8611
DNOA, 34.3240, 53.4050,  0.0000, 83.2820,-19.1320,  0.0000,1.0,1.0,"[0.0, 0.0]",9,  0.8867, 46.0463,nan, 34.6156
RHPW, 34.1480, 52.8650,  0.0000, 33.6220,-38.9630,  0.0000,1.0,1.0,"[0.0, 0.0]",10,  0.4353, 37.1516, 12.7709,nan
APSL, 34.1430, 53.7620,  0.0000,116.3880,-38.8450,  0.0000,1.0,1.0,"[0.0, 0.0]",10,  1.0660, 70.9740, 23.2447,nan
QYDI, 35.4040, 52.3210,  0.0000,-16.3050,100.3580,  0.0000,1.0,1.0,"[0.0, 0.0]",10,  1.6121,353.3742, 31.1851,nan
LUEX, 33.8740, 51.9690,  0.0000,-49.1250,-69.2830,  0.0000,1.0,1.0,"[0.0, 0.0]",10,  0.4884,278.7471, 12.7409,nan
DNOA, 34.3240, 53.4050,  0.0000, 83.2820,-19.1320,  0.0000,1.0,1.0,"[0.0, 0.0]",10,  0.8831, 53.4966, 20.7014,nan
CBZA, 33.6090, 51.7830,  0.0000,-66.5590,-98.6040,  0.0000,1.0,1.0,"[0.0, 0.0]",10,  0.6670,253.5062, 16.0149,nan
RPKV, 35.2210, 51.7880,  0.0000,-64.8300, 80.2220,  0.0000,1.0,1.0,"[0.0, 0.0]",10,  1.5514,336.3081, 30.6964,nan
APSL, 34.1430, 53.7620,  0.0000,116.3880,-38.8450,  0.0000,1.0,1.0,"[0.0, 0.0]",10,  1.0660, 70.9740,nan, 40.6786
RHPW, 34.1480, 52.8650,  0.0000, 33.6220,-38.9630,  0.0000,1.0,1.0,"[0.0, 0.0]",10,  0.4353, 37.1516,nan, 22.3492
DNOA, 34.3240, 53.4050,  0.0000, 83.2820,-19.1320,  0.0000,1.0,1.0,"[0.0, 0.0]",10,  0.8831, 53.4966,nan, 36.2274
RPKV, 35.2210, 51.7880,  0.0000,-64.8300, 80.2220,  0.0000,1.0,1.0,"[0.0, 0.0]",10,  1.5514,336.3081,nan, 53.1699
LUEX, 33.8740, 51.9690,  0.0000,-49.1250,-69.2830,  0.0000,1.0,1.0,"[0.0, 0.0]",10,  0.4884,278.7471,nan, 22.2966
CBZA, 33.6090, 51.7830,  0.0000,-66.5590,-98.6040,  0.0000,1.0,1.0,"[0.0, 0.0]",10,  0.6670,253.5062,nan, 28.0261
QYDI, 35.4040, 52.3210,  0.0000,-16.3050,100.3580,  0.0000,1.0,1.0,"[0.0, 0.0]",10,  1.6121,353.3742,nan, 53.6834
CBZA, 33.6090, 51.7830,  0.0000,-66.5590,-98.6040,  0.0000,1.0,1.0,"[0.0, 0.0]",11,  0.5431,256.8542, 13.9927,nan
APSL, 34.1430, 53.7620,  0.0000,116.3880,-38.8450,  0.0000,1.0,1.0,"[0.0, 0.0]",11,  1.1925, 69.6097, 25.8284,nan
HLUH, 35.2280, 51.5130,  0.0000,-89.8940, 81.1870,  0.0000,1.0,1.0,"[0.0, 0.0]",11,  1.6683,333.6640, 32.8051,nan
RAWC, 33.4240, 53.7640,  0.0000,117.5310,-118.6250,  0.0000,1.0,1.0,"[0.0, 0.0]",11,  1.1687,105.0024, 25.3442,nan
LUEX, 33.8740, 51.9690,  0.0000,-49.1250,-69.2830,  0.0000,1.0,1.0,"[0.0, 0.0]",11,  0.3979,290.6528, 10.8930,nan
MGUS, 33.7840, 53.7620,  0.0000,116.9080,-78.7060,  0.0000,1.0,1.0,"[0.0, 0.0]",11,  1.1240, 87.0950, 24.9674,nan
XBVK, 34.3280, 52.6890,  0.0000, 17.3510,-19.0940,  0.0000,1.0,1.0,"[0.0, 0.0]",11,  0.6349, 20.8795, 17.4699,nan
MGUS, 33.7840, 53.7620,  0.0000,116.9080,-78.7060,  0.0000,1.0,1.0,"[0.0, 0.0]",11,  1.1240, 87.0950,nan, 43.6924
CBZA, 33.6090, 51.7830,  0.0000,-66.5590,-98.6040,  0.0000,1.0,1.0,"[0.0, 0.0]",11,  0.5431,256.8542,nan, 24.4871
XBVK, 34.3280, 52.6890,  0.0000, 17.3510,-19.0940,  0.0000,1.0,1.0,"[0.0, 0.0]",11,  0.6349, 20.8795,nan, 30.5778
APSL, 34.1430, 53.7620,  0.0000,116.3880,-38.8450,  0.0000,1.0,1.0,"[0.0, 0.0]",11,  1.1925, 69.6097,nan, 45.1497
LUEX, 33.8740, 51.9690,  0.0000,-49.1250,-69.2830,  0.0000,1.0,1.0,"[0.0, 0.0]",11,  0.3979,290.6528,nan, 19.0628
HLUH, 35.2280, 51.5130,  0.0000,-89.8940, 81.1870,  0.0000,1.0,1.0,"[0.0, 0.0]",11,  1.6683,333.6640,nan, 56.7066
RAWC, 33.4240, 53.7640,  0.0000,117.5310,-118.6250,  0.0000,1.0,1.0,"[0.0, 0.0]",11,  1.1687,105.0024,nan, 44.3522
CBZA, 33.6090, 51.7830,  0.0000,-66.5590,-98.6040,  0.0000,1.0,1.0,"[0.0, 0.0]",12,  0.6287,268.0596, 14.8472,nan
RHPW, 34.1480, 52.8650,  0.0000, 33.6220,-38.9630,  0.0000,1.0,1.0,"[0.0, 0.0]",12,  0.5836, 28.0161, 15.3712,nan
DNOA, 34.3240, 53.4050,  0.0000, 83.2820,-19.1320,  0.0000,1.0,1.0,"[0.0, 0.0]",12,  1.0005, 46.1115, 21.6422,nan
MGUS, 33.7840, 53.7620,  0.0000,116.9080,-78.7060,  0.0000,1.0,1.0,"[0.0, 0.0]",12,  1.0353, 81.2620, 22.1364,nan
APSL, 34.1430, 53.7620,  0.0000,116.3880,-38.8450,  0.0000,1.0,1.0,"[0.0, 0.0]",12,  1.1421, 63.1517, 23.5912,nan
VOCA, 34.6800, 53.4950,  0.0000, 91.1470, 20.4080,  0.0000,1.0,1.0,"[0.0, 0.0]",12,  1.3152, 37.0402, 25.8476,nan
AVTK, 34.0500, 51.8780,  0.0000,-57.4630,-49.6950,  0.0000,1.0,1.0,"[0.0, 0.0]",12,  0.6881,307.4709, 16.2885,nan
AVTK, 34.0500, 51.8780,  0.0000,-57.4630,-49.6950,  0.0000,1.0,1.0,"[0.0, 0.0]",12,  0.6881,307.4709,nan, 28.5049
CBZA, 33.6090, 51.7830,  0.0000,-66.5590,-98.6040,  0.0000,1.0,1.0,"[0.0, 0.0]",12,  0.6287,268.0596,nan, 25.9825
RHPW, 34.1480, 52.8650,  0.0000, 33.6220,-38.9630,  0.0000,1.0,1.0,"[0.0, 0.0]",12,  0.5836, 28.0161,nan, 26.8996
APSL, 34.1430, 53.7620,  0.0000,116.3880,-38.8450,  0.0000,1.0,1.0,"[0.0, 0.0]",12,  1.1421, 63.1517,nan, 41.2803
VOCA, 34.6800, 53.4950,  0.0000, 91.1470, 20.4080,  0.0000,1.0,1.0,"[0.0, 0.0]",12,  1.3152, 37.0402,nan, 45.0288
MGUS, 33.7840, 53.7620,  0.0000,116.9080,-78.7060,  0.0000,1.0,1.0,"[0.0, 0.0]",12,  1.0353, 81.2620,nan, 38.7387
DNOA, 34.3240, 53.4050,  0.0000, 83.2820,-19.1320,  0.0000,1.0,1.0,"[0.0, 0.0]",12,  1.0005, 46.1115,nan, 37.8714
RHPW, 34.1480, 52.8650,  0.0000, 33.6220,-38.9630,  0.0000,1.0,1.0,"[0.0, 0.0]",13,  0.4651, 37.8706, 13.4514,nan
DNOA, 34.3240, 53.4050,  0.0000, 83.2820,-19.1320,  0.0000,1.0,1.0,"[0.0, 0.0]",13,  0.9132, 53.3158, 21.2098,nan
RPKV, 35.2210, 51.7880,  0.0000,-64.8300, 80.2220,  0.0000,1.0,1.0,"[0.0, 0.0]",13,  1.5609,337.3512, 30.6475,nan
XBVK, 34.3280, 52.6890,  0.0000, 17.3510,-19.0940,  0.0000,1.0,1.0,"[0.0, 0.0]",13,  0.5639, 14.2740, 15.3740,nan
HLUH, 35.2280, 51.5130,  0.0000,-89.8940, 81.1870,  0.0000,1.0,1.0,"[0.0, 0.0]",13,  1.6685,330.3093, 31.7899,nan
QYDI, 35.4040, 52.3210,  0.0000,-16.3050,100.3580,  0.0000,1.0,1.0,"[0.0, 0.0]",13,  1.6296,354.2325, 31.3103,nan
MGUS, 33.7840, 53.7620,  0.0000,116.9080,-78.7060,  0.0000,1.0,1.0,"[0.0, 0.0]",13,  1.0348, 89.4836, 22.8174,nan
HLUH, 35.2280, 51.5130,  0.0000,-89.8940, 81.1870,  0.0000,1.0,1.0,"[0.0, 0.0]",13,  1.6685,330.3093,nan, 54.9342
QYDI, 35.4040, 52.3210,  0.0000,-16.3050,100.3580,  0.0000,1.0,1.0,"[0.0, 0.0]",13,  1.6296,354.2325,nan, 53.9266
RHPW, 34.1480, 52.8650,  0.0000, 33.6220,-38.9630,  0.0000,1.0,1.0,"[0.0, 0.0]",13,  0.4651, 37.8706,nan, 23.5399
RPKV, 35.2210, 51.7880,  0.0000,-64.8300, 80.2220,  0.0000,1.0,1.0,"[0.0, 0.0]",13,  1.5609,337.3512,nan, 53.1142
MGUS, 33.7840, 53.7620,  0.0000,116.9080,-78.7060,  0.0000,1.0,1.0,"[0.0, 0.0]",13,  1.0348, 89.4836,nan, 39.9304
DNOA, 34.3240, 53.4050,  0.0000, 83.2820,-19.1320,  0.0000,1.0,1.0,"[0.0, 0.0]",13,  0.9132, 53.3158,nan, 37.1171
XBVK, 34.3280, 52.6890,  0.0000, 17.3510,-19.0940,  0.0000,1.0,1.0,"[0.0, 0.0]",13,  0.5639, 14.2740,nan, 26.9093
LUEX, 33.8740, 51.9690,  0.0000,-49.1250,-69.2830,  0.0000,1.0,1.0,"[0.0, 0.0]",14,  0.5337,243.8099, 14.6687,nan
RHPW, 34.1480, 52.8650,  0.0000, 33.6220,-38.9630,  0.0000,1.0,1.0,"[0.0, 0.0]",14,  0.2692, 82.0632,  8.4854,nan
VOCA, 34.6800, 53.4950,  0.0000, 91.1470, 20.4080,  0.0000,1.0,1.0,"[0.0, 0.0]",14,  0.9710, 53.9234, 24.2399,nan
APSL, 34.1430, 53.7620,  0.0000,116.3880,-38.8450,  0.0000,1.0,1.0,"[0.0, 0.0]",14,  1.0122, 87.8603, 24.7538,nan
DQYH, 34.5070, 51.8710,  0.0000,-57.7960,  0.9980,  0.0000,1.0,1.0,"[0.0, 0.0]",14,  0.6836,305.5198, 19.6725,nan
XBVK, 34.3280, 52.6890,  0.0000, 17.3510,-19.0940,  0.0000,1.0,1.0,"[0.0, 0.0]",14,  0.2477, 29.0320,  7.4737,nan
DNOA, 34.3240, 53.4050,  0.0000, 83.2820,-19.1320,  0.0000,1.0,1.0,"[0.0, 0.0]",14,  0.7454, 73.1913, 20.5406,nan
APSL, 34.1430, 53.7620,  0.0000,116.3880,-38.8450,  0.0000,1.0,1.0,"[0.0, 0.0]",14,  1.0122, 87.8603,nan, 43.3233
RHPW, 34.1480, 52.8650,  0.0000, 33.6220,-38.9630,  0.0000,1.0,1.0,"[0.0, 0.0]",14,  0.2692, 82.0632,nan, 14.8494
XBVK, 34.3280, 52.6890,  0.0000, 17.3510,-19.0940,  0.0000,1.0,1.0,"[0.0, 0.0]",14,  0.2477, 29.0320,nan, 13.0791
VOCA, 34.6800, 53.4950,  0.0000, 91.1470, 20.4080,  0.0000,1.0,1.0,"[0.0, 0.0]",14,  0.9710, 53.9234,nan, 42.4530
LUEX, 33.8740, 51.9690,  0.0000,-49.1250,-69.2830,  0.0000,1.0,1.0,"[0.0, 0.0]",14,  0.5337,243.8099,nan, 25.6702
DQYH, 34.5070, 51.8710,  0.0000,-57.7960,  0.9980,  0.0000,1.0,1.0,"[0.0, 0.0]",14,  0.6836,305.5198,nan, 34.4541
DNOA, 34.3240, 53.4050,  0.0000, 83.2820,-19.1320,  0.0000,1.0,1.0,"[0.0, 0.0]",14,  0.7454, 73.1913,nan, 35.9640
RPKV, 35.2210, 51.7880,  0.0000,-64.8300, 80.2220,  0.0000,1.0,1.0,"[0.0, 0.0]",15,  1.5569,333.0672, 30.1860,nan
CBZA, 33.6090, 51.7830,  0.0000,-66.5590,-98.6040,  0.0000,1.0,1.0,"[0.0, 0.0]",15,  0.7563,252.9321, 17.2843,nan
APSL, 34.1430, 53.7620,  0.0000,116.3880,-38.8450,  0.0000,1.0,1.0,"[0.0, 0.0]",15,  0.9766, 71.2855, 21.1542,nan
FOUH, 34.7730, 52.7770,  0.0000, 25.3420, 30.2750,  0.0000,1.0,1.0,"[0.0, 0.0]",15,  0.9436,  6.4598, 21.8450,nan
DQYH, 34.5070, 51.8710,  0.0000,-57.7960,  0.9980,  0.0000,1.0,1.0,"[0.0, 0.0]",15,  0.9315,316.3777, 21.4302,nan
LUEX, 33.8740, 51.9690,  0.0000,-49.1250,-69.2830,  0.0000,1.0,1.0,"[0.0, 0.0]",15,  0.5673,274.1966, 13.7934,nan
HLUH, 35.2280, 51.5130,  0.0000,-89.8940, 81.1870,  0.0000,1.0,1.0,"[0.0, 0.0]",15,  1.6787,326.3369, 31.5132,nan
RPKV, 35.2210, 51.7880,  0.0000,-64.8300, 80.2220,  0.0000,1.0,1.0,"[0.0, 0.0]",15,  1.5569,333.0672,nan, 52.1652
CBZA, 33.6090, 51.7830,  0.0000,-66.5590,-98.6040,  0.0000,1.0,1.0,"[0.0, 0.0]",15,  0.7563,252.9321,nan, 30.2475
HLUH, 35.2280, 51.5130,  0.0000,-89.8940, 81.1870,  0.0000,1.0,1.0,"[0.0, 0.0]",15,  1.6787,326.3369,nan, 54.3606
LUEX, 33.8740, 51.9690,  0.0000,-49.1250,-69.2830,  0.0000,1.0,1.0,"[0.0, 0.0]",15,  0.5673,274.1966,nan, 24.1385
APSL, 34.1430, 53.7620,  0.0000,116.3880,-38.8450,  0.0000,1.0,1.0,"[0.0, 0.0]",15,  0.9766, 71.2855,nan, 37.0198
FOUH, 34.7730, 52.7770,  0.0000, 25.3420, 30.2750,  0.0000,1.0,1.0,"[0.0, 0.0]",15,  0.9436,  6.4598,nan, 38.2567
DQYH, 34.5070, 51.8710,  0.0000,-57.7960,  0.9980,  0.0000,1.0,1.0,"[0.0, 0.0]",15,  0.9315,316.3777,nan, 37.5028
DNOA, 34.3240, 53.4050,  0.0000, 83.2820,-19.1320,  0.0000,1.0,1.0,"[0.0, 0.0]",16,  0.7386, 55.0559, 17.6594,nan
LUEX, 33.8740, 51.9690,  0.0000,-49.1250,-69.2830,  0.0000,1.0,1.0,"[0.0, 0.0]",16,  0.5882,267.4134, 14.3709,nan
MGUS, 33.7840, 53.7620,  0.0000,116.9080,-78.7060,  0.0000,1.0,1.0,"[0.0, 0.0]",16,  0.9141, 97.1425, 20.5340,nan
APSL, 34.1430, 53.7620,  0.0000,116.3880,-38.8450,  0.0000,1.0,1.0,"[0.0, 0.0]",16,  0.9358, 74.8292, 20.6260,nan
FOUH, 34.7730, 52.7770,  0.0000, 25.3420, 30.2750,  0.0000,1.0,1.0,"[0.0, 0.0]",16,  0.8735,  5.5558, 20.7205,nan
RAWC, 33.4240, 53.7640,  0.0000,117.5310,-118.6250,  0.0000,1.0,1.0,"[0.0, 0.0]",16,  1.0278,117.4097, 22.0718,nan
CBZA, 33.6090, 51.7830,  0.0000,-66.5590,-98.6040,  0.0000,1.0,1.0,"[0.0, 0.0]",16,  0.7993,248.7278, 18.2648,nan
DNOA, 34.3240, 53.4050,  0.0000, 83.2820,-19.1320,  0.0000,1.0,1.0,"[0.0, 0.0]",16,  0.7386, 55.0559,nan, 30.9040
CBZA, 33.6090, 51.7830,  0.0000,-66.5590,-98.6040,  0.0000,1.0,1.0,"[0.0, 0.0]",16,  0.7993,248.7278,nan, 31.9634
APSL, 34.1430, 53.7620,  0.0000,116.3880,-38.8450,  0.0000,1.0,1.0,"[0.0, 0.0]",16,  0.9358, 74.8292,nan, 36.0955
RAWC, 33.4240, 53.7640,  0.0000,117.5310,-118.6250,  0.0000,1.0,1.0,"[0.0, 0.0]",16,  1.0278,117.4097,nan, 38.6255
LUEX, 33.8740, 51.9690,  0.0000,-49.1250,-69.2830,  0.0000,1.0,1.0,"[0.0, 0.0]",16,  0.5882,267.4134,nan, 25.1491
MGUS, 33.7840, 53.7620,  0.0000,116.9080,-78.7060,  0.0000,1.0,1.0,"[0.0, 0.0]",16,  0.9141, 97.1425,nan, 35.9344
FOUH, 34.7730, 52.7770,  0.0000, 25.3420, 30.2750,  0.0000,1.0,1.0,"[0.0, 0.0]",16,  0.8735,  5.5558,nan, 36.2881
DQYH, 34.5070, 51.8710,  0.0000,-57.7960,  0.9980,  0.0000,1.0,1.0,"[0.0, 0.0]",17,  1.1461,324.7119, 23.5704,nan
LUEX, 33.8740, 51.9690,  0.0000,-49.1250,-69.2830,  0.0000,1.0,1.0,"[0.0, 0.0]",17,  0.6590,297.3431, 14.8063,nan
CBZA, 33.6090, 51.7830,  0.0000,-66.5590,-98.6040,  0.0000,1.0,1.0,"[0.0, 0.0]",17,  0.7437,273.0246, 16.5505,nan
AVTK, 34.0500, 51.8780,  0.0000,-57.4630,-49.6950,  0.0000,1.0,1.0,"[0.0, 0.0]",17,  0.8154,305.9786, 18.0277,nan
RHPW, 34.1480, 52.8650,  0.0000, 33.6220,-38.9630,  0.0000,1.0,1.0,"[0.0, 0.0]",17,  0.5965, 15.6101, 15.2529,nan
QYDI, 35.4040, 52.3210,  0.0000,-16.3050,100.3580,  0.0000,1.0,1.0,"[0.0, 0.0]",17,  1.8517,351.0877, 32.7655,nan
RAWC, 33.4240, 53.7640,  0.0000,117.5310,-118.6250,  0.0000,1.0,1.0,"[0.0, 0.0]",17,  0.9259, 98.9398, 19.4653,nan
DQYH, 34.5070, 51.8710,  0.0000,-57.7960,  0.9980,  0.0000,1.0,1.0,"[0.0, 0.0]",17,  1.1461,324.7119,nan, 41.2352
CBZA, 33.6090, 51.7830,  0.0000,-66.5590,-98.6040,  0.0000,1.0,1.0,"[0.0, 0.0]",17,  0.7437,273.0246,nan, 28.9634
RAWC, 33.4240, 53.7640,  0.0000,117.5310,-118.6250,  0.0000,1.0,1.0,"[0.0, 0.0]",17,  0.9259, 98.9398,nan, 34.0643
RHPW, 34.1480, 52.8650,  0.0000, 33.6220,-38.9630,  0.0000,1.0,1.0,"[0.0, 0.0]",17,  0.5965, 15.6101,nan, 26.6926
AVTK, 34.0500, 51.8780,  0.0000,-57.4630,-49.6950,  0.0000,1.0,1.0,"[0.0, 0.0]",17,  0.8154,305.9786,nan, 31.5485
LUEX, 33.8740, 51.9690,  0.0000,-49.1250,-69.2830,  0.0000,1.0,1.0,"[0.0, 0.0]",17,  0.6590,297.3431,nan, 25.9109
QYDI, 35.4040, 52.3210,  0.0000,-16.3050,100.3580,  0.0000,1.0,1.0,"[0.0, 0.0]",17,  1.8517,351.0877,nan, 55.9373
QYDI, 35.4040, 52.3210,  0.0000,-16.3050,100.3580,  0.0000,1.0,1.0,"[0.0, 0.0]",18,  1.4704,347.5095, 28.6571,nan
LUEX, 33.8740, 51.9690,  0.0000,-49.1250,-69.2830,  0.0000,1.0,1.0,"[0.0, 0.0]",18,  0.6238,261.6159, 15.0737,nan
VOCA, 34.6800, 53.4950,  0.0000, 91.1470, 20.4080,  0.0000,1.0,1.0,"[0.0, 0.0]",18,  0.9644, 42.2084, 21.0914,nan
CBZA, 33.6090, 51.7830,  0.0000,-66.5590,-98.6040,  0.0000,1.0,1.0,"[0.0, 0.0]",18,  0.8517,245.4136, 19.2493,nan
RPKV, 35.2210, 51.7880,  0.0000,-64.8300, 80.2220,  0.0000,1.0,1.0,"[0.0, 0.0]",18,  1.4655,328.9598, 28.9394,nan
RHPW, 34.1480, 52.8650,  0.0000, 33.6220,-38.9630,  0.0000,1.0,1.0,"[0.0, 0.0]",18,  0.2218, 35.5158,  8.0113,nan
XBVK, 34.3280, 52.6890,  0.0000, 17.3510,-19.0940,  0.0000,1.0,1.0,"[0.0, 0.0]",18,  0.3607,357.2609, 10.8966,nan
LUEX, 33.8740, 51.9690,  0.0000,-49.1250,-69.2830,  0.0000,1.0,1.0,"[0.0, 0.0]",18,  0.6238,261.6159,nan, 26.3789
QYDI, 35.4040, 52.3210,  0.0000,-16.3050,100.3580,  0.0000,1.0,1.0,"[0.0, 0.0]",18,  1.4704,347.5095,nan, 49.4454
RPKV, 35.2210, 51.7880,  0.0000,-64.8300, 80.2220,  0.0000,1.0,1.0,"[0.0, 0.0]",18,  1.4655,328.9598,nan, 50.0744
RHPW, 34.1480, 52.8650,  0.0000, 33.6220,-38.9630,  0.0000,1.0,1.0,"[0.0, 0.0]",18,  0.2218, 35.5158,nan, 14.0197
VOCA, 34.6800, 53.4950,  0.0000, 91.1470, 20.4080,  0.0000,1.0,1.0,"[0.0, 0.0]",18,  0.9644, 42.2084,nan, 36.9099
XBVK, 34.3280, 52.6890,  0.0000, 17.3510,-19.0940,  0.0000,1.0,1.0,"[0.0, 0.0]",18,  0.3607,357.2609,nan, 19.0691
CBZA, 33.6090, 51.7830,  0.0000,-66.5590,-98.6040,  0.0000,1.0,1.0,"[0.0, 0.0]",18,  0.8517,245.4136,nan, 33.6862
AVTK, 34.0500, 51.8780,  0.0000,-57.4630,-49.6950,  0.0000,1.0,1.0,"[0.0, 0.0]",19,  0.5710,316.8503, 14.8501,nan
RHPW, 34.1480, 52.8650,  0.0000, 33.6220,-38.9630,  0.0000,1.0,1.0,"[0.0, 0.0]",19,  0.6703, 39.8522, 18.0177,nan
DNOA, 34.3240, 53.4050,  0.0000, 83.2820,-19.1320,  0.0000,1.0,1.0,"[0.0, 0.0]",19,  1.1176, 51.6237, 24.7911,nan
CBZA, 33.6090, 51.7830,  0.0000,-66.5590,-98.6040,  0.0000,1.0,1.0,"[0.0, 0.0]",19,  0.4725,267.1514, 12.4406,nan
DQYH, 34.5070, 51.8710,  0.0000,-57.7960,  0.9980,  0.0000,1.0,1.0,"[0.0, 0.0]",19,  0.9579,335.7006, 22.8957,nan
RAWC, 33.4240, 53.7640,  0.0000,117.5310,-118.6250,  0.0000,1.0,1.0,"[0.0, 0.0]",19,  1.2030, 99.6386, 25.8931,nan
VOCA, 34.6800, 53.4950,  0.0000, 91.1470, 20.4080,  0.0000,1.0,1.0,"[0.0, 0.0]",19,  1.4139, 42.0333, 28.7179,nan
VOCA, 34.6800, 53.4950,  0.0000, 91.1470, 20.4080,  0.0000,1.0,1.0,"[0.0, 0.0]",19,  1.4139, 42.0333,nan, 50.1470
DQYH, 34.5070, 51.8710,  0.0000,-57.7960,  0.9980,  0.0000,1.0,1.0,"[0.0, 0.0]",19,  0.9579,335.7006,nan, 40.0675
RHPW, 34.1480, 52.8650,  0.0000, 33.6220,-38.9630,  0.0000,1.0,1.0,"[0.0, 0.0]",19,  0.6703, 39.8522,nan, 31.5309
CBZA, 33.6090, 51.7830,  0.0000,-66.5590,-98.6040,  0.0000,1.0,1.0,"[0.0, 0.0]",19,  0.4725,267.1514,nan, 21.7711
AVTK, 34.0500, 51.8780,  0.0000,-57.4630,-49.6950,  0.0000,1.0,1.0,"[0.0, 0.0]",19,  0.5710,316.8503,nan, 25.9876
DNOA, 34.3240, 53.4050,  0.0000, 83.2820,-19.1320,  0.0000,1.0,1.0,"[0.0, 0.0]",19,  1.1176, 51.6237,nan, 43.3550
RAWC, 33.4240, 53.7640,  0.0000,117.5310,-118.6250,  0.0000,1.0,1.0,"[0.0, 0.0]",19,  1.2030, 99.6386,nan, 45.3126
